source,source_id,source_url,job_title_raw,company_name,location,salary,source_education,source_experience,text_education,text_experience,education_conflict,experience_conflict,publish_time,crawl_time,responsibilities,requirements,detail_raw_text,tags,category,_sha256,low_information,duplicate_review_required,review_reason
zhilian,CC404298980J40856902010,https://www.zhaopin.com/jobdetail/CC404298980J40856902010.htm,嵌入式开发工程师（央企/内网开发）,北京百米互联科技有限公司,北京 海淀区,1.3-1.5万,本科,3-5年,本科,,False,False,,2026-08-15T23:00:00+08:00,"1.linux内核驱动开发
3.新平台验证，能够独立进行新芯片、新功能的验证和开发","2.单片机开发，主要开发stm32或国产沁恒单片机开发，熟悉底层基础通信协议，拥有低功耗、USB、网络通信开发经验优先，
4、具备良好的理解和沟通能力
5、关注软硬件协同知识点，有一定自学能力、抗压能力，独立编程、方案设计能力强者优先","1.linux内核驱动开发
2.单片机开发，主要开发stm32或国产沁恒单片机开发，熟悉底层基础通信协议，拥有低功耗、USB、网络通信开发经验优先，
3.新平台验证，能够独立进行新芯片、新功能的验证和开发
4、具备良好的理解和沟通能力
5、关注软硬件协同知识点，有一定自学能力、抗压能力，独立编程、方案设计能力强者优先",32位单片机; C语言; C++; Python,嵌入式/C++,b00a47c2debc3cd0a9846978b245c69e05d75ece4d7333706415591a2762bae3,True,False,low_information
zhilian,CC120834970J41013212302,https://www.zhaopin.com/jobdetail/CC120834970J41013212302.htm,软件工程师（linux驱动开发工程师）,北京计算机技术及应用研究所,北京 海淀区,1.7-2.1万,硕士,经验不限,硕士,一年以上,False,False,,2026-08-15T23:00:00+08:00,"1、linux底层驱动开发移植；
2、linux内核定制化裁剪；
3、驱动问题定位分析及解决。","1、熟练掌握C语言；
2、熟练掌握linux内核架构和PCI、USB、IIC、SPI等设备驱动模型；
3、具有良好的英文阅读能力和独立解决问题能力；
4、具有一年以上相关工作经验；
5、熟悉ARM、MIPS等系统架构者优先；
6、熟悉汇编语言及bootloader者优先；
7、熟悉硬件知识者优先。","1、linux底层驱动开发移植；
2、linux内核定制化裁剪；
3、驱动问题定位分析及解决。
1、熟练掌握C语言；
2、熟练掌握linux内核架构和PCI、USB、IIC、SPI等设备驱动模型；
3、具有良好的英文阅读能力和独立解决问题能力；
4、具有一年以上相关工作经验；
5、熟悉ARM、MIPS等系统架构者优先；
6、熟悉汇编语言及bootloader者优先；
7、熟悉硬件知识者优先。",C语言; 嵌入式技术; Linux,嵌入式/C++,ebccf44c67bd078c9fcf91f4e58cfc457b691aee9e6c1a2f9e718e2b79637b09,True,False,low_information
zhilian,CC000544460J40837426916,https://www.zhaopin.com/jobdetail/CC000544460J40837426916.htm,中级测试工程师,软通动力信息技术(集团)股份有限公司,上海 浦东新区,,本科,3-5年,本科及以上学历,4年以上,False,False,,2026-08-15T20:00:00,"1、根据项目需求完成测试工作；
2、配合同事以及项目经理制定软件测试方案；
3、解决项目中因程序引起的故障问题；
4、与第三方制定接口方案并完成有关程序开发。","1、本科及以上学历，4年以上测试经验，有银行相关测试经历的优先；
2、精通功能测试、接口测试等；
3、学习与沟通：具备良好的学习能力，沟通顺畅；
4、具备性能调优经验。","1、根据项目需求完成测试工作；
2、配合同事以及项目经理制定软件测试方案；
3、解决项目中因程序引起的故障问题；
4、与第三方制定接口方案并完成有关程序开发。
1、本科及以上学历，4年以上测试经验，有银行相关测试经历的优先；
2、精通功能测试、接口测试等；
3、学习与沟通：具备良好的学习能力，沟通顺畅；
4、具备性能调优经验。",软件测试; Java; Shell; Postman; Jmeter; 银行测试; 柜面; 核心; 信贷,测试,ef3f95f7b67a6e2308cf725c97152f1951646f91f4cdc4d7d9b3fd70cc3b5ed9,True,False,low_information
zhilian,CC443657520J40880232609,https://www.zhaopin.com/jobdetail/CC443657520J40880232609.htm,功能测试,中电金信软件有限公司,上海 浦东新区,,本科,3-5年,本科及以上学历,4年,False,False,,2026-08-15T20:00:00,"1、熟悉软件测试流程和规范；
2、熟练掌握各类软件测试方法并能灵活应用，熟练掌握缺陷管理工具；
3、有创新优化意识和责任心，能和项目成员进行快速有效的沟通；
4、熟悉金融测试经验。","1、本科及以上学历；
2、4年工作经历；
3、良好的职业素养和团队协作精神，性格开朗随和，以及较强的学习，研究探索能力。","1、熟悉软件测试流程和规范；
2、熟练掌握各类软件测试方法并能灵活应用，熟练掌握缺陷管理工具；
3、有创新优化意识和责任心，能和项目成员进行快速有效的沟通；
4、熟悉金融测试经验。
1、本科及以上学历；
2、4年工作经历；
3、良好的职业素养和团队协作精神，性格开朗随和，以及较强的学习，研究探索能力。",软件测试; 金融测试,测试,cdfeace5fdbef8dbe10444e4f829d2de194b4a704593e042e506ed51ad0b737c,True,False,low_information
zhilian,CC000544460J40791295516,https://www.zhaopin.com/jobdetail/CC000544460J40791295516.htm,测试（浦发银行项目）,软通动力信息技术(集团)股份有限公司,上海 浦东新区,8000-12000元,本科,1-3年,本科及以上学历,1-3年,False,False,,2026-08-15T20:00:00,"1、负责银行核心系统、金融市场群系统测试；
2、负责贵金属、债券、外汇测试；
3、负责公司网银、手机银行、企业信贷及对公柜面等前端系统的端到端测试。","1、有银行核心系统、金融市场群系统测试经验；
2、有贵金属、债券、外汇测试经验；
3、有公司网银、手机银行、企业信贷及对公柜面等前端系统的端到端测试经验。","1、负责银行核心系统、金融市场群系统测试；
2、负责贵金属、债券、外汇测试；
3、负责公司网银、手机银行、企业信贷及对公柜面等前端系统的端到端测试。
1、有银行核心系统、金融市场群系统测试经验；
2、有贵金属、债券、外汇测试经验；
3、有公司网银、手机银行、企业信贷及对公柜面等前端系统的端到端测试经验。",软件测试; 银行测试; 柜面; 金融测试,测试,29225a854eeb3f77a22b5111003c9be7bd32494c83fe85f3f9d7c5c60771de22,True,False,low_information
zhilian,CCL1430506130J40602415410,https://www.zhaopin.com/jobdetail/CCL1430506130J40602415410.htm,黑盒测试,上海玄晖信息科技有限公司,上海 闵行区,,本科,1-3年,本科及以上,1-3年,False,False,,2026-08-15T20:00:00,"1、负责软件产品的黑盒测试工作；
2、独立编写测试用例，执行测试并记录测试结果；
3、跟踪Bug管理，验证修复结果。","1、本科及以上；
2、英语良好，CET-4及以上优先；
3、测试相关工作1-3年，熟悉测试流程，能独立编写测试用例；
4、自学探索能力强，责任感强，表达能力强；
5、理工科专业。","1、负责软件产品的黑盒测试工作；
2、独立编写测试用例，执行测试并记录测试结果；
3、跟踪Bug管理，验证修复结果。
1、本科及以上；
2、英语良好，CET-4及以上优先；
3、测试相关工作1-3年，熟悉测试流程，能独立编写测试用例；
4、自学探索能力强，责任感强，表达能力强；
5、理工科专业。",软件测试; 黑盒测试,测试,e6ecd2da994a6765a8d1accf447eb4907e114a15988ce4a374ca2b08512eac51,True,False,low_information
zhilian,CC000137427J00256758010,https://www.zhaopin.com/jobdetail/CC000137427J00256758010.htm,软件测试工程师,北京久其软件股份有限公司,北京 海淀区,,本科,经验不限,统招本科及以上学历,1-3年,False,True,,2026-08-15T20:00:00,"1、根据项目需求及设计文档编写测试方案、测试要点和测试用例；
2、有效地执行测试用例，提交产品BUG，提交测试报告；
3、与开发人员及项目经理清晰沟通bug问题，并提出修改建议；
4、严格控制测试进度，把握项目质量；
5、与软件开发人员、产品设计人员、进行有效沟通，协助开发工作；
6、建立、维护测试工作的相关文档。","1、计算机类相关专业，统招本科及以上学历（学信网可查）；
2、1-3年软件测试工作或相关项目经验；优秀应届毕业生也可考虑；
3、熟练使用数据库（oracle/mysql/sqlserver）能编写复杂的sql脚本、操作系统（linux/windows）、应用中间件(weblogic/websphere/tomcat）；
4、具备良好的沟通和团队协作能力，吃苦耐劳、学习能力强；能积极主动推进工作进度，并解决问题。","1、根据项目需求及设计文档编写测试方案、测试要点和测试用例；
2、有效地执行测试用例，提交产品BUG，提交测试报告；
3、与开发人员及项目经理清晰沟通bug问题，并提出修改建议；
4、严格控制测试进度，把握项目质量；
5、与软件开发人员、产品设计人员、进行有效沟通，协助开发工作；
6、建立、维护测试工作的相关文档。
1、计算机类相关专业，统招本科及以上学历（学信网可查）；
2、1-3年软件测试工作或相关项目经验；优秀应届毕业生也可考虑；
3、熟练使用数据库（oracle/mysql/sqlserver）能编写复杂的sql脚本、操作系统（linux/windows）、应用中间件(weblogic/websphere/tomcat）；
4、具备良好的沟通和团队协作能力，吃苦耐劳、学习能力强；能积极主动推进工作进度，并解决问题。",功能测试; 软件测试; Oracle; MySQL; SQL Server; Linux,测试,41dfd4b0acc021fe69d0fb0e8604ab2cfcb0d38043f6f5e55a8ee20a81079a2c,False,False,experience_conflict
zhilian,CC000544460J40772187516,https://www.zhaopin.com/jobdetail/CC000544460J40772187516.htm,黑盒测试,软通动力信息技术(集团)股份有限公司,无锡 滨湖区,,大专,经验不限,大专及以上,,False,False,,2026-08-15T20:00:00,"1、参照测试用例（日文书写）check对象机器功能实装的完整性和正确性，必要的时候需要参考规格书（日文英文两版）；
2、测试过程中发现与用例不符合或者与规格书不符合的地方经与Leader沟通后自行起票报告（英文书写）。","1、必须项：日语N2及以上，英语CET-4，英日语读写熟练；
2、加分项：黑盒测试实施经验，熟悉各种测试手法和bug管理验证方法者优先。","1、参照测试用例（日文书写）check对象机器功能实装的完整性和正确性，必要的时候需要参考规格书（日文英文两版）；
2、测试过程中发现与用例不符合或者与规格书不符合的地方经与Leader沟通后自行起票报告（英文书写）。
1、必须项：日语N2及以上，英语CET-4，英日语读写熟练；
2、加分项：黑盒测试实施经验，熟悉各种测试手法和bug管理验证方法者优先。",硬件测试; 性能测试; 黑盒测试; 日语; 英语,测试,a017cbe5f189941df2f62eed9fcc8741298a54314d95c6c035ade79a07cb5ce7,True,False,low_information
zhilian,CC192921310J40587990709,https://www.zhaopin.com/jobdetail/CC192921310J40587990709.htm,Java后端开发工程师,京东集团,北京 通州区,2.5-5万·16薪,本科,经验不限,,3年及以上工作经验,False,True,,2026-08-17T11:28:33+08:00,负责供应链公共技术平台的设计与开发，确保系统的质量，持续进行系统性能评估与优化；编写技术文档，包括设计文档、接口文档和用户手册；与产品经理、测试工程师、运维人员等跨部门紧密合作；了解前沿技术和业界架构演进。,"1、统招211及以上学历，计算机相关专业，3年及以上工作经验；
2、熟悉Java/Python主流编程语言，理解Java核心概念如多线程、集合、IO、JVM原理等；
3、熟悉MySQL应用开发，熟悉数据库原理和常用性能优化技术；
4、了解分布式系统、微服务架构、消息队列（如RabbitMQ、Kafka）、缓存（Redis、Memcached）等技术；
5、优秀的业务理解能力、分析解决问题和沟通能力。","负责供应链公共技术平台的设计与开发，确保系统的质量，持续进行系统性能评估与优化；编写技术文档，包括设计文档、接口文档和用户手册；与产品经理、测试工程师、运维人员等跨部门紧密合作；了解前沿技术和业界架构演进。
1、统招211及以上学历，计算机相关专业，3年及以上工作经验；
2、熟悉Java/Python主流编程语言，理解Java核心概念如多线程、集合、IO、JVM原理等；
3、熟悉MySQL应用开发，熟悉数据库原理和常用性能优化技术；
4、了解分布式系统、微服务架构、消息队列（如RabbitMQ、Kafka）、缓存（Redis、Memcached）等技术；
5、优秀的业务理解能力、分析解决问题和沟通能力。",Java; Python; MySQL; 分布式系统; 微服务架构; RabbitMQ; Kafka; Redis; JVM; 多线程,后端开发,3dfd02d39edae80778355a3022e1323b6ea5578d4c396216e625bcb424aa2f96,False,False,experience_conflict
zhilian,CC409287530J40762535307,https://www.zhaopin.com/jobdetail/CC409287530J40762535307.htm,python开发工程师（线上面试）,深圳极联信息技术股份有限公司,北京 海淀区,面议,大专,3-5年,大专及以上学历,,False,False,,2026-08-17T11:28:33+08:00,"1、负责公司业务系统核心模块开发；
2、负责对团队成员提供技术支持。","1、自考大专及以上学历，计算机等相关专业；
2、三年以上Python编程相关经验；
3、对Django、flask、tornado等其中一个或多个web开发框架有深入了解；
4、具有MySQL数据库设计与优化能力，熟悉mongoDB、mc、redis等一种以上；
5、对硬件有一定了解；
6、具备多层架构软件设计经验的优先录用。","1、负责公司业务系统核心模块开发；
2、负责对团队成员提供技术支持。
1、自考大专及以上学历，计算机等相关专业；
2、三年以上Python编程相关经验；
3、对Django、flask、tornado等其中一个或多个web开发框架有深入了解；
4、具有MySQL数据库设计与优化能力，熟悉mongoDB、mc、redis等一种以上；
5、对硬件有一定了解；
6、具备多层架构软件设计经验的优先录用。",Python; Django; Flask; Tornado; MySQL; MongoDB; Redis,后端开发,476ee5d182e0e7273e4a48086778b848bf4643e6ea73e5c213710e7f331c64ac,True,False,low_information
zhilian,CC000544460J40640195816,https://www.zhaopin.com/jobdetail/CC000544460J40640195816.htm,python开发工程师,软通动力信息技术(集团)股份有限公司,上海 青浦区,面议,本科,1-3年,本科及以上学历,,False,False,,2026-08-17T11:28:33+08:00,负责python开发相关工作。,"1.计算机科学与技术、电子工程、自动化或相关专业本科及以上学历，两年以上工作经验；
2.精通Python编程语言；
3.有AI相关工作经验；
4.熟悉模型的训练和验证者优先；
5.熟悉图像处理和计算机视觉相关算法，如特征提取、目标检测、图像分割等优先；
6.良好的沟通能力和团队合作精神。","负责python开发相关工作。
1.计算机科学与技术、电子工程、自动化或相关专业本科及以上学历，两年以上工作经验；
2.精通Python编程语言；
3.有AI相关工作经验；
4.熟悉模型的训练和验证者优先；
5.熟悉图像处理和计算机视觉相关算法，如特征提取、目标检测、图像分割等优先；
6.良好的沟通能力和团队合作精神。",Python; AI; 图像处理; 计算机视觉; 特征提取; 目标检测; 图像分割,后端开发,96c6bf7fccff5adaba32774d7f9ce3b4eebeac5dd199534612058ebf76830ea7,True,False,low_information
zhilian,CCL1434268880J40780428312,https://www.zhaopin.com/jobdetail/CCL1434268880J40780428312.htm,golang开发工程师,广州圣琪网络科技有限公司,广州 天河区,面议,大专,1-3年,本科及以上学历,5年以上,True,False,,2026-08-17T11:28:33+08:00,"1、负责服务端模块划分、通讯协议设计、功能实现等；
2、负责性能、网络、数据等方面的优化；
3、保证服务端的稳定性、可扩展性、安全性和效率；
4、线上问题分析和处理，问题排查，跟踪和反馈。","1、本科及以上学历，计算机或相关专业；5年以上Golang开发经验；
2、熟悉Go基础数据结构，Go协程、Channel和锁等；
3、熟悉Go体系的常用开发框架，比如gin、beego、echo等；
4、熟悉Web技术栈和Web应用开发，包括HTTP、安全、数据库、缓存、消息队列等；
5、熟悉Mysql数据库；
6、熟悉主流非关系性数据库、缓存技术，例如：Redis、MongoDB等；
7、具有较强的架构能力，具备高并发流量下的请求处理经验。","1、负责服务端模块划分、通讯协议设计、功能实现等；
2、负责性能、网络、数据等方面的优化；
3、保证服务端的稳定性、可扩展性、安全性和效率；
4、线上问题分析和处理，问题排查，跟踪和反馈。
1、本科及以上学历，计算机或相关专业；5年以上Golang开发经验；
2、熟悉Go基础数据结构，Go协程、Channel和锁等；
3、熟悉Go体系的常用开发框架，比如gin、beego、echo等；
4、熟悉Web技术栈和Web应用开发，包括HTTP、安全、数据库、缓存、消息队列等；
5、熟悉Mysql数据库；
6、熟悉主流非关系性数据库、缓存技术，例如：Redis、MongoDB等；
7、具有较强的架构能力，具备高并发流量下的请求处理经验。",Go; Golang; Gin; MySQL; Redis; MongoDB; HTTP; 消息队列; 高并发,后端开发,51f54ac9deeda7b10580f3344cd587eb86be891b448ab1effe83a5b1fc2a4271,False,False,education_conflict
zhilian,CCL1338947700J40881581403,https://www.zhaopin.com/jobdetail/CCL1338947700J40881581403.htm,全栈工程师（偏向前端）,江苏正方交通科技有限公司,南京 江宁区,6000-12000元,本科,1-3年,本科及以上学历,3年,False,False,,2026-08-17T11:28:33+08:00,负责公司交通行业相关系统的前端开发与后端接口开发，参与需求分析、技术方案设计及系统优化。,本科及以上学历，计算机相关专业，1-3年全栈开发经验。,"负责公司交通行业相关系统的前端开发与后端接口开发，参与需求分析、技术方案设计及系统优化。
本科及以上学历，计算机相关专业，1-3年全栈开发经验。",前端开发; 后端开发,前端开发,41d1d833d57d1325aa5769c74331d57fef337ff024f8743a3608d58f68fcba40,True,False,low_information
zhilian,CCL1485088450J40833028816,https://www.zhaopin.com/jobdetail/CCL1485088450J40833028816.htm,全栈平台开发工程师（量化/数据方向）,江苏裕星华禹投资管理有限公司,南京 栖霞区,1.4-2.8万·13薪,本科,经验不限,本科及以上学历,,False,False,,2026-08-17T11:28:33+08:00,负责量化交易平台和数据平台的开发与维护。,本科及以上学历，熟悉全栈开发技术栈。,"负责量化交易平台和数据平台的开发与维护。
本科及以上学历，熟悉全栈开发技术栈。",全栈开发; 量化交易,全栈开发,489339ad7eef70eb31cc26db8bace3bd28997f8a8a16708f5f84ea3b82c38743,True,False,low_information
zhilian,CCL1509846210J40763147406,https://www.zhaopin.com/jobdetail/CCL1509846210J40763147406.htm,高级全栈开发工程师,南京大秋信息科技有限公司,南京 江宁区,1.4-1.5万,本科,5-10年,本科及以上学历,10年,False,False,,2026-08-17T11:28:33+08:00,负责前端开发、后端开发、架构开发。,本科及以上学历，5-10年全栈开发经验，精通JavaScript、Vue、ElementUI、Python、Java、Shell、MySQL、PostgreSQL。,"负责前端开发、后端开发、架构开发。
本科及以上学历，5-10年全栈开发经验，精通JavaScript、Vue、ElementUI、Python、Java、Shell、MySQL、PostgreSQL。",JavaScript; Vue; ElementUI; Python; Java; Shell; MySQL; PostgreSQL,全栈开发,853e97ababc3ceeccdd65e6b1c7e664fd810cf66ae136d7ea2431c96a9b9318e,True,False,low_information
zhilian,CCL1525198020J40881170114,https://www.zhaopin.com/jobdetail/CCL1525198020J40881170114.htm,Java/Python开发工程师（AI方向）,天智云(广州)软件开发有限公司,深圳 福田区,1.2-2万,本科,3-5年,本科及以上学历,5年,False,False,,2026-08-17T11:28:33+08:00,负责AI相关系统的开发与维护。,本科及以上学历，3-5年Java/Python开发经验，熟悉AI相关技术。,"负责AI相关系统的开发与维护。
本科及以上学历，3-5年Java/Python开发经验，熟悉AI相关技术。",Java; Python; MySQL; AI,后端开发,814e01067259bae1c8bbe630e59d4cd87c3432ab819b6dca9504b92c17451d45,True,False,low_information
zhilian,CC480442780J40756963910,https://www.zhaopin.com/jobdetail/CC480442780J40756963910.htm,JAVA开发工程师（物联网/数据分析方向）,四川希尔得科技有限公司,成都 双流区,1-2万·14薪,本科,3-5年,本科及以上学历,5年,False,False,,2026-08-17T11:28:33+08:00,负责物联网和数据分析相关系统的开发。,本科及以上学历，3-5年Java开发经验，熟悉Spring、Mybatis、PostgreSQL、SpringBoot、SpringCloud、MySQL。,"负责物联网和数据分析相关系统的开发。
本科及以上学历，3-5年Java开发经验，熟悉Spring、Mybatis、PostgreSQL、SpringBoot、SpringCloud、MySQL。",Java; Spring; SpringBoot; SpringCloud; Mybatis; PostgreSQL; MySQL,数据分析,40156e063a45dc6d07c392b873895a5c1ad16c97e697bb37e752d283efd1bba4,True,False,low_information
zhilian,CCL1521769630J40881816609,https://www.zhaopin.com/jobdetail/CCL1521769630J40881816609.htm,高级java后端工程师,北京颢辰科创,北京 海淀区,1.5-2万,本科,5-10年,本科及以上学历,10年,False,False,,2026-08-17T11:28:33+08:00,负责气象核心业务系统的后端架构设计与开发（包括气象数据采集、处理、存储、服务发布及预报预警平台），GIS空间数据处理。,本科及以上学历，5-10年Java开发经验，熟悉Java、多线程、Mybatis、MySQL、Redis、MongoDB、Spring、Hadoop。,"负责气象核心业务系统的后端架构设计与开发（包括气象数据采集、处理、存储、服务发布及预报预警平台），GIS空间数据处理。
本科及以上学历，5-10年Java开发经验，熟悉Java、多线程、Mybatis、MySQL、Redis、MongoDB、Spring、Hadoop。",Java; 多线程; Mybatis; MySQL; Redis; MongoDB; Spring; Hadoop; GIS,后端开发,83a9dec557a1550b223274f81d3a5a665dd3d75c47860173be6fbaecb0055466,True,False,low_information
zhilian,CCL1480117890J40845576605,https://www.zhaopin.com/jobdetail/CCL1480117890J40845576605.htm,全栈工程师（java，go，python，js，re）,外企德科数字技术有限公司,北京 朝阳区,2-3.5万·18薪,本科,经验不限,统招本科学历,2年以上相关工作经验,False,True,,2026-08-15T16:45:51.156+08:00,"岗位职责：
负责公司内部各系统开发，负责公司信息系统建设；
通过构建领先的信息系统，助力公司业务和组织的长期高效经营与发展；
在安全、隐私、合规层面持续治理，为公司的稳健发展保驾护航；覆盖人事、财务、法务、采购、审批、职场等多个领域的系统开发","任职要求：
1、统招本科学历以上，2年以上相关工作经验，计算机相关专业优先；985/211学历优先；
2、具备良好的计算机、软件工程等专业领域基础知识；
3、至少精通Java、python、golang中的一种；
4、有完整的项目开发经验，具备大型项目经验，erp经验等优先；
5、工作思路清晰，有较好的沟通能力和技术学习能力，拥有良好的编码习惯，有很强的自学能力和自我提高的愿望；","岗位职责：
负责公司内部各系统开发，负责公司信息系统建设；
通过构建领先的信息系统，助力公司业务和组织的长期高效经营与发展；
在安全、隐私、合规层面持续治理，为公司的稳健发展保驾护航；覆盖人事、财务、法务、采购、审批、职场等多个领域的系统开发
任职要求：
1、统招本科学历以上，2年以上相关工作经验，计算机相关专业优先；985/211学历优先；
2、具备良好的计算机、软件工程等专业领域基础知识；
3、至少精通Java、python、golang中的一种；
4、有完整的项目开发经验，具备大型项目经验，erp经验等优先；
5、工作思路清晰，有较好的沟通能力和技术学习能力，拥有良好的编码习惯，有很强的自学能力和自我提高的愿望；",前端开发; 后端开发; JavaScript; react; Java; GoLang; Python; 计算机软件; 产业互联网平台,全栈开发,20ae7d425cbcafb7ac6c0ca993f945f14979af2167b9361a211aac9992ccca73,False,False,experience_conflict
zhilian,CC138117190J40879068905,https://www.zhaopin.com/jobdetail/CC138117190J40879068905.htm,大模型评测工程师（音视频/AIGC/多模态）,外企德科,北京 海淀区,,大专,经验不限,本科及以上学历,,True,False,,2026-08-15T16:45:51.156+08:00,"职位描述
负责音视频生成大模型及相关方向算法、视频可控类编辑/参考的项目交付质量，包括设计准备完善数据集、标注质量质检、质量验收以及量化的分析评测报告输出；
1. 对音视频质量评估：对生成的音视频进行主观质量评估。包括视频能力（画质、美学、合理性、叙事、清晰度）、音频（自然度、音质、与视频内容的匹配度等），给出专业的主观评价意见；
2. 评测方案设计与执行：从专业的角度，参与制定并执行评测方案，及测试集的设计。负责对标注团队进行培训，把控标注质量和评测结论的准确性。
3. 评测数据整理与分析：对评测过程中产生的数据进行整理和分析，及时发现音频生成中存在的问题，形成评测报告，为项目团队提供有价值的专业参考信息和针对性的改进建议，协助优化模型效果。
4. 跟进行业主流竞品多模态生成/理解模型及行业能力变化，有敏锐的用户视角参与竞品调研、线上效果分析、算法效果分析、问题挖掘归因和行业评测探索，为模型迭代和项目决策提供参考。","任职要求
1、本科及以上学历，数字媒体艺术、美术、设计、动画、影视编导、导演、摄影、技术美术；或技术方向计算机、人工智能、数据分析等相关专业优先
2、具备较好的审美判断力和视听语言理解能力，对音视频内容质量有较强判断力，熟悉视频画质、美学构图、镜头语言、叙事逻辑、运动合理性、音质、音色、节奏、音画匹配等评价维度。
3、对 AIGC 创作有实际经验，熟悉从创意构思、Prompt 设计、素材准备、模型生成、结果筛选、后期调整到成片交付的完整流程；有影视拍片项目经历、影视行业制作经验或全流程 AIGC 创作经验者优先。
4、深度使用过业界主流文生图、文生视频、多模态大模型或音频生成工具者优先，如即梦、Seedance、海螺、Nano Banana 等；有竞品评测经验，能够清晰分析不同模型的效果水位、优势短板和适用场景者优先。
5、有 AI 算法测试、数据标注、评测体系建设或标注 POC 经验者优先；对大模型、AIGC、多模态生成、视频生成等方向有较深入理解者优先。
6、具备较强的主观判断能力和结构化分析能力，能够将主观视听感受拆解并量化为客观评价标准，逻辑清晰、思维敏捷，善于分析总结，并能清楚表达自己的观点、判断依据和问题归因。
7、具备良好的数据敏感度、文档能力和跨团队沟通能力，能够输出评测方案、标注规范、质检报告、评测报告等材料，并与算法、产品、运营、标注团队高效协同。
8、具备优秀的快速学习能力、抗压能力和项目推进意识，能够适应多轮模型迭代、批量样本评测、紧急交付和复杂问题排查。
10、有代码编写经验优先，熟悉 Python、SQL、数据处理、自动化评测脚本、可视化分析，或具备基于 AI 工具提升数据处理和评测效率的能力者优先。","职位描述
负责音视频生成大模型及相关方向算法、视频可控类编辑/参考的项目交付质量，包括设计准备完善数据集、标注质量质检、质量验收以及量化的分析评测报告输出；
1. 对音视频质量评估：对生成的音视频进行主观质量评估。包括视频能力（画质、美学、合理性、叙事、清晰度）、音频（自然度、音质、与视频内容的匹配度等），给出专业的主观评价意见；
2. 评测方案设计与执行：从专业的角度，参与制定并执行评测方案，及测试集的设计。负责对标注团队进行培训，把控标注质量和评测结论的准确性。
3. 评测数据整理与分析：对评测过程中产生的数据进行整理和分析，及时发现音频生成中存在的问题，形成评测报告，为项目团队提供有价值的专业参考信息和针对性的改进建议，协助优化模型效果。
4. 跟进行业主流竞品多模态生成/理解模型及行业能力变化，有敏锐的用户视角参与竞品调研、线上效果分析、算法效果分析、问题挖掘归因和行业评测探索，为模型迭代和项目决策提供参考。
任职要求
1、本科及以上学历，数字媒体艺术、美术、设计、动画、影视编导、导演、摄影、技术美术；或技术方向计算机、人工智能、数据分析等相关专业优先
2、具备较好的审美判断力和视听语言理解能力，对音视频内容质量有较强判断力，熟悉视频画质、美学构图、镜头语言、叙事逻辑、运动合理性、音质、音色、节奏、音画匹配等评价维度。
3、对 AIGC 创作有实际经验，熟悉从创意构思、Prompt 设计、素材准备、模型生成、结果筛选、后期调整到成片交付的完整流程；有影视拍片项目经历、影视行业制作经验或全流程 AIGC 创作经验者优先。
4、深度使用过业界主流文生图、文生视频、多模态大模型或音频生成工具者优先，如即梦、Seedance、海螺、Nano Banana 等；有竞品评测经验，能够清晰分析不同模型的效果水位、优势短板和适用场景者优先。
5、有 AI 算法测试、数据标注、评测体系建设或标注 POC 经验者优先；对大模型、AIGC、多模态生成、视频生成等方向有较深入理解者优先。
6、具备较强的主观判断能力和结构化分析能力，能够将主观视听感受拆解并量化为客观评价标准，逻辑清晰、思维敏捷，善于分析总结，并能清楚表达自己的观点、判断依据和问题归因。
7、具备良好的数据敏感度、文档能力和跨团队沟通能力，能够输出评测方案、标注规范、质检报告、评测报告等材料，并与算法、产品、运营、标注团队高效协同。
8、具备优秀的快速学习能力、抗压能力和项目推进意识，能够适应多轮模型迭代、批量样本评测、紧急交付和复杂问题排查。
10、有代码编写经验优先，熟悉 Python、SQL、数据处理、自动化评测脚本、可视化分析，或具备基于 AI 工具提升数据处理和评测效率的能力者优先。",音频标注; 视频标注; 大模型评测; AIGC; 多模态模型; 音视频模型,AI/大模型,ad83fd754f45fc307269c3ab9892f2f945ab28171ac60ed7239c15f85437c8c9,False,False,education_conflict
zhilian,CC258760917J90250298000,https://www.zhaopin.com/jobdetail/CC258760917J90250298000.htm,文员（数据分析）,上海保安,上海 普陀区,,大专,经验不限,大专以上,,False,False,,2026-08-15T16:45:51.156+08:00,"岗位职责：
1、负责非现场数据信息数据判读
2、负责非现场数据信息数据统计与录入
3、负责设备故障判断并上报
4、完成领导交办的其他工作","任职要求：
1.
2.学历大专以上
3.工作认真细心，有耐心","岗位职责：
1、负责非现场数据信息数据判读
2、负责非现场数据信息数据统计与录入
3、负责设备故障判断并上报
4、完成领导交办的其他工作
任职要求：
1.
2.学历大专以上
3.工作认真细心，有耐心",电脑操作,数据分析,0c336506d8e8336d15c4b02e7e83b2a609a7d3f4a5d91438acb9cdbbe0b6f8d7,True,False,low_information
zhilian,CCL1467242830J40855145310,https://www.zhaopin.com/jobdetail/CCL1467242830J40855145310.htm,Python工程师,航天天目(重庆)卫星科技有限公司,北京 丰台区,1.5-2.3万,本科,经验不限,统招本科及以上学历,3年以上,False,True,,2026-08-15T16:45:51.156+08:00,"【岗位职责】
1.负责卫星数据反演调度系统的维护、迭代与性能优化。
2.参与数值天气预报流程开发与优化，实现预报数据自动化处理、格式转换、后处理及可视化解析。
3.负责气象预报模型与 AI 算法的工程化部署、服务集成及日常运维，保障系统稳定高效运行。
4.配合算法及科研团队完成算法落地，将专业模型转化为工程化代码并开展接口开发与联调。
5.负责代码版本管理、技术文档编写、功能测试及程序性能优化。","【任职要求】
1.统招本科及以上学历，计算机、通信、电子信息、自动化、软件工程、航空航天、遥感、测绘、气象、地理信息等相关专业。
2.拥有 3年以上Python 及 web 开发经验，熟练使用 NumPy、Pandas、Xarray 等科学计算与数据处理库。
3.熟悉 Linux 开发环境及 Git 版本管理，掌握 Docker 容器化、任务调度与 AI 模型工程化部署。
4.熟悉MySQL/PostgreSQL等常见数据库，具备基本SQL能力。
5.具备较强的学习能力和良好的团队协作意识，工作责任心强、作风严谨踏实。
6.了解 NetCDF、GRIB、HDF5 等常用数据格式，有相关领域开发经验者优先。
7.工作地点：北京。","【岗位职责】
1.负责卫星数据反演调度系统的维护、迭代与性能优化。
2.参与数值天气预报流程开发与优化，实现预报数据自动化处理、格式转换、后处理及可视化解析。
3.负责气象预报模型与 AI 算法的工程化部署、服务集成及日常运维，保障系统稳定高效运行。
4.配合算法及科研团队完成算法落地，将专业模型转化为工程化代码并开展接口开发与联调。
5.负责代码版本管理、技术文档编写、功能测试及程序性能优化。
【任职要求】
1.统招本科及以上学历，计算机、通信、电子信息、自动化、软件工程、航空航天、遥感、测绘、气象、地理信息等相关专业。
2.拥有 3年以上Python 及 web 开发经验，熟练使用 NumPy、Pandas、Xarray 等科学计算与数据处理库。
3.熟悉 Linux 开发环境及 Git 版本管理，掌握 Docker 容器化、任务调度与 AI 模型工程化部署。
4.熟悉MySQL/PostgreSQL等常见数据库，具备基本SQL能力。
5.具备较强的学习能力和良好的团队协作意识，工作责任心强、作风严谨踏实。
6.了解 NetCDF、GRIB、HDF5 等常用数据格式，有相关领域开发经验者优先。
7.工作地点：北京。",MySQL; PostgreSQL,后端开发,20b09cf73e422b78d4920d9d768fe522a0c892936a25c1a4466b2320841ed83a,False,False,experience_conflict
zhilian,CCL1272025330J40247554009,https://www.zhaopin.com/jobdetail/CCL1272025330J40247554009.htm,Python开发工程师,北京蓝鲸与海科技有限公司,北京 通州区,1-1.5万·13薪,本科,1-3年,本科及以上学历,,False,False,,2026-08-15T16:45:51.156+08:00,"岗位职责
1、负责服务端研发相关工作，完成产品需求，提供API服务。
2、提供产品运营需求，开发运营后台功能。
3、分析服务器性能指标，开发自动化数据处理脚本。","任职要求
1、计算机相关专业，本科及以上学历。
2、有扎实的编程基础，良好代码风格。对数据结构，计算机网络等有清晰的知识结构。
3、熟练使用linux，有一定linux系统运维经验。
4、熟悉python，go，至少一种常用开发语言。","岗位职责
1、负责服务端研发相关工作，完成产品需求，提供API服务。
2、提供产品运营需求，开发运营后台功能。
3、分析服务器性能指标，开发自动化数据处理脚本。
任职要求
1、计算机相关专业，本科及以上学历。
2、有扎实的编程基础，良好代码风格。对数据结构，计算机网络等有清晰的知识结构。
3、熟练使用linux，有一定linux系统运维经验。
4、熟悉python，go，至少一种常用开发语言。",Python; Django; Linux,后端开发,f04be0fb27786b9d55e679879f67ae4d19fbb5bcbbb43d459e4fadd2a2dc6423,True,False,low_information
